{
  "project_info": {
    "project_number": "653871792219",
    "project_id": "hw5firebase-d5573",
    "storage_bucket": "hw5firebase-d5573.appspot.com"
  },
  "client": [
    {
      "client_info": {
        "mobilesdk_app_id": "1:653871792219:android:6939aa502ee1f5f7cfff7e",
        "android_client_info": {
          "package_name": "com.example.hw5locationcameracanvasmapsfirebase"
        }
      },
      "oauth_client": [
        {
          "client_id": "653871792219-ksjvm4c00v5gba5h1p36ql0nod0mrga9.apps.googleusercontent.com",
          "client_type": 3
        }
      ],
      "api_key": [
        {
          "current_key": "AIzaSyAeFqC4XNjZKvL50lonxL7wY2MQiEObHNM"
        }
      ],
      "services": {
        "appinvite_service": {
          "other_platform_oauth_client": [
            {
              "client_id": "653871792219-ksjvm4c00v5gba5h1p36ql0nod0mrga9.apps.googleusercontent.com",
              "client_type": 3
            }
          ]
        }
      }
    }
  ],
  "configuration_version": "1"
}